1,John,Doe,Smith,222.232-65436 ,15
2,Jane,Smith,Doe,55.5286-3923,8
3,Michael,Johnson,Brown,452.527-0136 ,42
4,Emily,Williams,Davis,871.732-6171,27
5,David,Miller,Anderson,449.978-5363 ,4
6,Jennifer,Lee,Garcia,55.5592-0416,37
7,William,Martinez,Hernandez,81.8190-7667 ,18
8,Jessica,Lopez,Gonzalez,669.986-6692 ,20
9,Christopher,Wilson,Rivera,274.743-4332 ,23
10,Sarah,Davis,Harris,33.3628-3868 ,48
11,Matthew,Garcia,Lee,487.872-0218 ,10
12,Laura,Hernandez,Miller,656.613-1209 ,14
13,Daniel,Gonzalez,Williams,614.411-4990,30
14,Melissa,Rivera,Martinez,618.812-6286,1
15,Anthony,Harris,Lopez,33.3630-2847 ,39
16,Amanda,Brown,Anderson,312.312-1160 ,12
17,James,Wilson,Davis,753.532-0933 ,5
18,Samantha,Miller,Garcia,777.320-4867 ,45
19,Andrew,Wilson,Hernandez,477.711-1501,17
20,Elizabeth,Smith,Lopez,618.811-6200,35
21,Mathew,Brown,Anderson,33.3646-0454 ,2
22,Nicole,Wilson,Davis,818.351-5475 ,36
23,William,Gonzalez,Williams,55.5373-0907 ,16
24,Emily,Rivera,Martinez,664.686-3114,9
25,Christopher,Miller,Lee,477.770-0051,46
26,Jessica,Brown,Anderson,442.228-4791 ,13
27,Michael,Wilson,Davis,55.5692-7084,3
28,Amanda,Gonzalez,Williams,55.5665-7442,44
29,Matthew,Rivera,Martinez,55.5585-2949,21
30,Samantha,Miller,Garcia,415.152-0208 ,11
31,Andrew,Wilson,Hernandez,55.5552-4433 ,32
32,Elizabeth,Smith,Lopez,444.823-1700 ,25
33,William,Brown,Anderson,664.661-3946,31
34,Emily,Gonzalez,Williams,871.720-8311 ,47
35,Christopher,Rivera,Martinez,55.5873-6977,28
36,Jessica,Miller,Lee,322.225-0007,6
37,Michael,Brown,Anderson,222.242-4875 ,24
38,Armando,Wilson,Davis,312.312-3390 ,19
39,Maria,Gonzalez,Williams,777.317-1551,33
40,Adrian,Rivera,Martinez,442.223-3192 ,7
41,Sophia,Smith,Lopez,871.750-2028 ,22
42,Juan,Brown,Anderson,618.813-4001 ,38
43,Andrea,Wilson,Davis,644.417-8962 ,40
44,Miguel,Gonzalez,Williams,449.918-1755 ,29
45,Claudia,Rivera,Martinez,33.3635-7482,26
46,Carlos,Miller,Lee,241.417-5945 ,41
47,Patricia,Brown,Anderson,222.248-3835 ,34
48,Alejandro,Wilson,Davis,667.714-6813,49
49,Vanessa,Gonzalez,Williams,871.720-1788 ,43
50,Roberto,Rivera,Martinez,444.822-2322 ,49
